{
  "task": "all_5",
  "epochs": [
    9,
    10,
    11,
    12,
    13,
    14,
    15,
    16,
    17,
    18,
    19,
    20,
    21,
    22,
    23,
    24,
    25
  ],
  "losses": [
    25.03046504804492,
    23.49502840748429,
    22.40541486157477,
    21.734978065922856,
    21.15779894515872,
    20.58339806304872,
    20.38882307764888,
    20.762372652605176,
    20.127607732772827,
    20.076252528443934,
    19.281734253928065,
    18.52180625092983,
    18.420170072585343,
    18.12284504877031,
    17.676296154752375,
    18.223503050714733,
    17.62089419159293
  ],
  "maes": [
    25.401985189950526,
    38.554089911593024,
    28.90835281684124,
    47.47028634783024,
    53.88595378219783,
    28.69899382455918,
    29.29761332382941,
    32.46632681386499,
    29.775376556313695,
    21.572979108718084,
    19.47148542810163,
    20.785593457134418,
    21.00489015451855,
    22.892453759659908,
    32.58965008724512,
    18.057489728688797,
    17.944476750935856
  ],
  "best_mae": 17.944476750935856,
  "best_epoch": 25
}